[
  {
    "name": "Farben",
    "settings": [
      {
        "type": "header",
        "content": "Hintergrundfarben"
      },
      {
        "type": "color",
        "id": "color_background",
        "label": "Hintergrundfarbe",
        "default": "#1a1816"
      },
      {
        "type": "color",
        "id": "color_card",
        "label": "Karten-Hintergrund",
        "default": "#242220"
      },
      {
        "type": "header",
        "content": "Textfarben"
      },
      {
        "type": "color",
        "id": "color_text",
        "label": "Haupttextfarbe",
        "default": "#f2efe9"
      },
      {
        "type": "color",
        "id": "color_text_muted",
        "label": "Gedämpfte Textfarbe",
        "default": "#a39b8f"
      },
      {
        "type": "header",
        "content": "Akzentfarben"
      },
      {
        "type": "color",
        "id": "color_accent",
        "label": "Akzentfarbe (Gold)",
        "default": "#d4af37"
      },
      {
        "type": "color",
        "id": "color_border",
        "label": "Rahmenfarbe",
        "default": "#2d2a26"
      }
    ]
  },
  {
    "name": "Typografie",
    "settings": [
      {
        "type": "header",
        "content": "Schriftarten"
      },
      {
        "type": "font_picker",
        "id": "type_header_font",
        "label": "Überschriften-Schriftart",
        "default": "playfair_display_n4"
      },
      {
        "type": "font_picker",
        "id": "type_body_font",
        "label": "Body-Schriftart",
        "default": "inter_n4"
      },
      {
        "type": "header",
        "content": "Schriftgrößen"
      },
      {
        "type": "range",
        "id": "type_base_size",
        "label": "Basis-Schriftgröße",
        "min": 12,
        "max": 20,
        "step": 1,
        "unit": "px",
        "default": 16
      }
    ]
  },
  {
    "name": "Social Media",
    "settings": [
      {
        "type": "header",
        "content": "Social Links"
      },
      {
        "type": "url",
        "id": "social_instagram_link",
        "label": "Instagram URL"
      },
      {
        "type": "url",
        "id": "social_facebook_link",
        "label": "Facebook URL"
      },
      {
        "type": "url",
        "id": "social_pinterest_link",
        "label": "Pinterest URL"
      },
      {
        "type": "url",
        "id": "social_tiktok_link",
        "label": "TikTok URL"
      },
      {
        "type": "url",
        "id": "social_youtube_link",
        "label": "YouTube URL"
      }
    ]
  },
  {
    "name": "Währung",
    "settings": [
      {
        "type": "checkbox",
        "id": "currency_code_enabled",
        "label": "Währungscode anzeigen",
        "default": true
      }
    ]
  },
  {
    "name": "Favicon",
    "settings": [
      {
        "type": "image_picker",
        "id": "favicon",
        "label": "Favicon",
        "info": "Wird im Browser-Tab angezeigt. Empfohlen: 32x32px PNG"
      }
    ]
  }
]
